[{"id":"6","text":"\u5b50\u9879\u76ee","sort":"1"},{"id":"7","text":"\u63a7\u5236\u8d26\u6237","sort":"2"},{"id":"53","text":"\u9879\u76ee\u7ba1\u7406","sort":"3"},{"id":"54","text":"\u4ea7\u54c1\u8bbe\u8ba1","sort":"4"},{"id":"55","text":"\u5f00\u53d1","sort":"5"},{"id":"56","text":"Bug","sort":"6"},{"id":"57","text":"\u6d4b\u8bd5","sort":"7"},{"id":"58","text":"\u64b0\u5199\u6587\u6863","sort":"8"},{"id":"59","text":"\u9700\u6c42\u8c03\u7814","sort":"9"},{"id":"60","text":"\u4f1a\u8bae","sort":"10"},{"id":"62","text":"\u52a0\u73ed","sort":"12"},{"id":"63","text":"\u5176\u5b83","sort":"13"}]