[{"id":"9","text":"\u672a\u5f00\u59cb","sort":"1"},{"id":"10","text":"\u8ba1\u5212","sort":"2"},{"id":"11","text":"\u8fdb\u884c\u4e2d20%","sort":"3"},{"id":"12","text":"\u8fdb\u884c\u4e2d40%","sort":"4"},{"id":"13","text":"\u8fdb\u884c\u4e2d60%","sort":"5"},{"id":"46","text":"\u8fdb\u884c\u4e2d80%","sort":"6"},{"id":"47","text":"\u8c03\u8bd5","sort":"7"},{"id":"49","text":"\u63a8\u8fdf","sort":"9"},{"id":"51","text":"\u5b8c\u6210\u9a8c\u6536","sort":"11"},{"id":"52","text":"\u9a73\u56de","sort":"12"},{"id":"48","text":"\u4e2d\u65ad","sort":"13"}]